# List of Philippine typhoons (1963–1999)

## 1963
• June 9–10, 1963: [Tropical Storm Rose (Bebeng)](https://en.wikipedia.org/wiki/1963_Pacific_typhoon_season#Tropical_Storm_Rose_(Bebeng))
• June 26–28, 1963: Typhoon Trix (Diding)
• July 19, 1963: [Typhoon Agnes (Ising)](https://en.wikipedia.org/wiki/1963_Pacific_typhoon_season#Typhoon_Agnes_(Ising))
• August 13–15, 1963: [Typhoon Carmen (Luding)](https://en.wikipedia.org/wiki/1963_Pacific_typhoon_season#Typhoon_Carmen_(Luding))
• September 7, 1963: [Typhoon Faye (Neneng)](https://en.wikipedia.org/wiki/1963_Pacific_typhoon_season#Typhoon_Faye_(Neneng))
• December 12–13, 1963: [Tropical Storm Phyllis (Sisang)](https://en.wikipedia.org/wiki/1963_Pacific_typhoon_season#Tropical_Storm_Phyllis_(Sisang))
• December 15–16, 1963: [Tropical Storm Rita (Trining)](https://en.wikipedia.org/wiki/1963_Pacific_typhoon_season#Typhoon_Rita_(Trining))

## 1964
• June 29–30, 1964: [Typhoon Winnie (Dading)](https://en.wikipedia.org/wiki/1964_Pacific_typhoon_season#Typhoon_Winnie_(Dading))
• July 9, 1964: [Tropical Storm Cora (Huaning)](https://en.wikipedia.org/wiki/1964_Pacific_typhoon_season#Typhoon_Cora_(Huaning))
• July 17, 1964: [Typhoon Elsie (Lusing)](https://en.wikipedia.org/wiki/1964_Pacific_typhoon_season#Typhoon_Elsie_(Lusing))
• August 6–7, 1964: [Typhoon Ida (Seniang)](https://en.wikipedia.org/wiki/1964_Pacific_typhoon_season#Typhoon_Ida_(Seniang))
• September 3, 1964: [Typhoon Ruby (Yoning)](https://en.wikipedia.org/wiki/Typhoon_Ruby_(1964))
• September 9, 1964: [Typhoon Sally (Aring)](https://en.wikipedia.org/wiki/Typhoon_Sally_(1964))
• September 28–29, 1964: [Tropical Storm Billie (Kayang)](https://en.wikipedia.org/wiki/1964_Pacific_typhoon_season#Tropical_Storm_Billie_(Kayang))
• October 5, 1964: [Typhoon Clara (Dorang)](https://en.wikipedia.org/wiki/1964_Pacific_typhoon_season#Typhoon_Clara_(Dorang))
• October 8–9, 1964: [Typhoon Dot (Enang)](https://en.wikipedia.org/wiki/Typhoon_Dot_(1964))
• October 20–21, 1964: [Tropical Storm Georgia (Grasing)](https://en.wikipedia.org/wiki/1964_Pacific_typhoon_season#Tropical_Storm_Georgia_(Grasing))
• November 19–21, 1964: [Typhoon Louise (Ining)](https://en.wikipedia.org/wiki/Typhoons_Louise_and_Marge)
• November 20–23, 1964: [Tropical Storm Marge (Liling)](https://en.wikipedia.org/wiki/Typhoons_Louise_and_Marge)
• November 27–28, 1964: [Tropical Storm Nora (Moning)](https://en.wikipedia.org/wiki/1964_Pacific_typhoon_season#Tropical_Storm_Nora_(Moning))
• December 13–14, 1964: [Typhoon Opal (Naning)](https://en.wikipedia.org/wiki/1964_Pacific_typhoon_season#Typhoon_Opal_(Naning))

## 1970
• October 13–14, 1970: [Typhoon Joan (Sening)](https://en.wikipedia.org/wiki/Typhoon_Joan_(1970))
• October 19–21, 1970: [Typhoon Kate (Titang)](https://en.wikipedia.org/wiki/Typhoon_Kate_(1970))
• November 19–21, 1970: [Typhoon Patsy (Yoling)](https://en.wikipedia.org/wiki/Typhoon_Patsy_(1970))

## 1984
• August 26–29, 1984: [Tropical Storm June (Maring)](https://en.wikipedia.org/wiki/Tropical_Storm_June_(Maring))
• September 1–4, 1984: [Typhoon Ike (Nitang)](https://en.wikipedia.org/wiki/Typhoon_Ike)
• October 28–31, 1984: [Severe Tropical Storm Warren](https://en.wikipedia.org/wiki/Tropical_Storm_Warren_(1984)) (Reming)
• November 5–7, 1984: [Typhoon Agnes (Undang)](https://en.wikipedia.org/wiki/Typhoon_Agnes_(1984))

## 1985
• June 22, 1985: [Typhoon Hal (Kuring)](https://en.wikipedia.org/wiki/Typhoon_Hal_(1985))
• June 28, 1985: [Typhoon Irma (Daling)](https://en.wikipedia.org/wiki/Typhoon_Irma_(1985))
• July 4–5, 1985: [Tropical Depression Elang](https://en.wikipedia.org/wiki/1985_Pacific_typhoon_season#Tropical_Depression_07W_(Elang))
• September 3, 1985: [Typhoon Tess (Miling)](https://en.wikipedia.org/wiki/1985_Pacific_typhoon_season#Typhoon_Tess_(Miling))
• October 11–12, 1985: [Tropical Depression Rubing](https://en.wikipedia.org/wiki/Typhoon_Cecil_(1985))
• October 17–18, 1985: [Typhoon Dot (Saling)](https://en.wikipedia.org/wiki/Typhoon_Dot_(1985))
• October 25–27, 1985: [Tropical Storm Faye (Tasing)](https://en.wikipedia.org/wiki/1985_Pacific_typhoon_season#Typhoon_Faye_(Tasing))

## 1986
• July 9, 1986: [Typhoon Peggy (Gading)](https://en.wikipedia.org/wiki/Typhoon_Peggy)
• August 29 – September 3, 1986: [Typhoon Wayne (Miding)](https://en.wikipedia.org/wiki/Typhoon_Wayne_(1986))
• October 7–8, 1986: [Tropical Depression Oyang](https://en.wikipedia.org/wiki/1986_Pacific_typhoon_season#Tropical_Storm_Dom_(Oyang))
• October 11–13, 1986: [Typhoon Ellen (Pasing)](https://en.wikipedia.org/wiki/1986_Pacific_typhoon_season#Typhoon_Ellen_(Pasing))
• October 18, 1986: [Tropical Storm Georgia (Ruping)](https://en.wikipedia.org/wiki/1986_Pacific_typhoon_season#Tropical_Storm_Georgia_(Ruping))
• November 7, 1986: [Tropical Storm Herbert (Tering)](https://en.wikipedia.org/wiki/1986_Pacific_typhoon_season#Severe_Tropical_Storm_Herbert_(Tering))
• November 12–13, 1986: [Tropical Storm Ida (Uding)](https://en.wikipedia.org/wiki/1986_Pacific_typhoon_season#Severe_Tropical_Storm_Ida_(Uding))

## 1987
• July 11, 1987: [Typhoon Thelma (Katring)](https://en.wikipedia.org/wiki/Typhoon_Thelma_(1987))
• August 11–12, 1987: [Typhoon Betty (Herming)](https://en.wikipedia.org/wiki/Typhoon_Betty_(1987))
• August 17–18, 1987: [Typhoon Cary (Ising)](https://en.wikipedia.org/wiki/Typhoon_Cary_(1987))
• September 8–9, 1987: [Typhoon Gerald (Neneng)](https://en.wikipedia.org/wiki/Typhoon_Gerald)
• October 24, 1987: [Typhoon Lynn (Pepang)](https://en.wikipedia.org/wiki/Typhoon_Lynn_(1987))
• November 14–15, 1987: [Tropical Depression Rosing](https://en.wikipedia.org/wiki/1987_Pacific_typhoon_season#Tropical_Storm_Maury_(Rosing))
• November 25, 1987: [Typhoon Nina (Sisang)](https://en.wikipedia.org/wiki/Typhoon_Nina_(1987))
• December 15–16, 1987: [Typhoon Phyllis (Trining)](https://en.wikipedia.org/wiki/1987_Pacific_typhoon_season#Typhoon_Phyllis_(Trining))

## 1988
• January 16, 1988: [Typhoon Roy (Asiang)](https://en.wikipedia.org/wiki/Typhoon_Roy)
• May 30 – June 1, 1988: [Typhoon Susan (Biring)](https://en.wikipedia.org/wiki/1988_Pacific_typhoon_season#Typhoon_Susan_(Biring))
• June 27, 1988: [Tropical Storm Vanessa (Edeng)](https://en.wikipedia.org/wiki/1988_Pacific_typhoon_season#Severe_Tropical_Storm_Vanessa_(Edeng))
• July 18, 1988: [Typhoon Warren (Huaning)](https://en.wikipedia.org/wiki/Typhoon_Warren)
• September 19–20, 1988: [Tropical Storm Kit (Maring)](https://en.wikipedia.org/wiki/1988_Pacific_typhoon_season#Severe_Tropical_Storm_Kit_(Maring))
• October 20–21, 1988: [Tropical Storm Pat (Toyang)](https://en.wikipedia.org/wiki/1988_Pacific_typhoon_season#Severe_Tropical_Storm_Pat_(Toyang))
• October 23–24, 1988: [Typhoon Ruby (Unsang)](https://en.wikipedia.org/wiki/Typhoon_Ruby_(1988))
• November 2–3, 1988: [Tropical Storm Tess (Welpring)](https://en.wikipedia.org/wiki/Tropical_Storm_Tess_(1988))
• November 6–8, 1988: [Typhoon Skip (Yoning)](https://en.wikipedia.org/wiki/Typhoon_Skip)
• December 22–23, 1988: [Tropical Storm Val (Apiang)](https://en.wikipedia.org/wiki/1988_Pacific_typhoon_season#Tropical_Storm_Val_(Apiang))

## 1989
• January 27–28, 1989: [An unnamed tropical depression](https://en.wikipedia.org/wiki/1989_Pacific_typhoon_season#Other_systems)
• May 16–17, 1989: [Tropical Storm Brenda (Bining)](https://en.wikipedia.org/wiki/Typhoon_Brenda_(1989))
• June 6–7, 1989: [Tropical Storm Dot (Kuring)](https://en.wikipedia.org/wiki/Typhoon_Dot_(1989))
• July 8, 1989: [Tropical Storm Faye (Elang)](https://en.wikipedia.org/wiki/1989_Pacific_typhoon_season#Severe_Tropical_Storm_Faye_(Elang))
• July 16, 1989: [Typhoon Gordon (Goring)](https://en.wikipedia.org/wiki/Typhoon_Gordon_(1989))
• September 9–10, 1989: [Typhoon Sarah (Openg)](https://en.wikipedia.org/wiki/Typhoon_Sarah_(1989))
• October 5, 1989: [Typhoon Angela (Rubing)](https://en.wikipedia.org/wiki/Typhoon_Angela_(1989))
• October 10, 1989: [Typhoon Dan (Saling)](https://en.wikipedia.org/wiki/Typhoon_Dan_(1989))
• October 18–19, 1989: [Typhoon Elsie (Tasing)](https://en.wikipedia.org/wiki/Typhoon_Elsie_(1989))
• November 21–22, 1989: [Typhoon Hunt (Unsing)](https://en.wikipedia.org/wiki/1989_Pacific_typhoon_season#Typhoon_Hunt_(Unsing))

## 1990
• June 20–22, 1990: [Typhoon Ofelia (Bising)](https://en.wikipedia.org/wiki/Typhoon_Ofelia)
• June 25–26, 1990: [Typhoon Percy (Klaring)](https://en.wikipedia.org/wiki/Typhoon_Percy_(1990))
• August 17–18, 1990: [Typhoon Yancy (Gading)](https://en.wikipedia.org/wiki/Typhoon_Yancy_(1990))
• August 26, 1990: [Typhoon Becky (Heling)](https://en.wikipedia.org/wiki/1990_Pacific_typhoon_season#Typhoon_Becky_(Heling))
• August 28–30, 1990: [Typhoon Abe (Iliang)](https://en.wikipedia.org/wiki/Typhoon_Abe_(1990))
• September 7, 1990: [Typhoon Dot (Loleng)](https://en.wikipedia.org/wiki/1990_Pacific_typhoon_season#Typhoon_Dot_(Loleng))
• September 15, 1990: [Typhoon Ed (Miding)](https://en.wikipedia.org/wiki/1990_Pacific_typhoon_season#Typhoon_Ed_(Miding))
• November 12–13, 1990: [Typhoon Mike (Ruping)](https://en.wikipedia.org/wiki/Typhoon_Mike)

## 1991
• March 12–13, 1991: [Tropical Storm Sharon (Auring)](https://en.wikipedia.org/wiki/1991_Pacific_typhoon_season#Severe_Tropical_Storm_Sharon_(Auring))
• April 24–25, 1991: [Tropical Depression Bebeng](https://en.wikipedia.org/wiki/1991_Pacific_typhoon_season#Tropical_Storm_Vanessa_(Bebeng))
• June 14–15, 1991: [Typhoon Yunya (Diding)](https://en.wikipedia.org/wiki/Typhoon_Yunya_(1991))
• July 9–10, 1991: [Tropical Depression Etang](https://en.wikipedia.org/wiki/Typhoon_Zeke)
• July 18, 1991: [Typhoon Amy (Gening)](https://en.wikipedia.org/wiki/Typhoon_Amy_(1991))
• July 22, 1991: [Tropical Storm Brendan (Helming)](https://en.wikipedia.org/wiki/Tropical_Storm_Brendan_(1991))
• October 27–28, 1991: [Typhoon Ruth (Trining)](https://en.wikipedia.org/wiki/1991_Pacific_typhoon_season#Typhoon_Ruth_(Trining))
• November 4–5, 1991: [Tropical Storm Thelma (Uring)](https://en.wikipedia.org/wiki/Tropical_Storm_Thelma)
• November 13, 1991: [Tropical Storm Seth (Warling)](https://en.wikipedia.org/wiki/1991_Pacific_typhoon_season#Typhoon_Seth_(Warling))
• November 16–17, 1991: [Tropical Storm Wilda (Yayang)](https://en.wikipedia.org/wiki/1991_Pacific_typhoon_season#Tropical_Storm_Wilda_(Yayang))

## 1992
• July 10, 1992: [Typhoon Eli (Konsing)](https://en.wikipedia.org/wiki/Typhoon_Eli_(1992))
• July 20, 1992: [Tropical Depression Ditang](https://en.wikipedia.org/wiki/1992_Pacific_typhoon_season#Severe_Tropical_Storm_Gary_(Ditang))
• September 21, 1992: [Tropical Storm Ted (Maring)](https://en.wikipedia.org/wiki/1992_Pacific_typhoon_season#Severe_Tropical_Storm_Ted_(Maring))
• October 21–22, 1992: [Tropical Storm Colleen (Paring)](https://en.wikipedia.org/wiki/1992_Pacific_typhoon_season#Severe_Tropical_Storm_Colleen_(Paring))

## 1993
• February 28 – March 1, 1993: [Tropical Depression Atring](https://en.wikipedia.org/wiki/1993_Pacific_typhoon_season#Tropical_Depression_01W_(Atring))
• April 12, 1993: [Tropical Depression Bining](https://en.wikipedia.org/wiki/1993_Pacific_typhoon_season#Tropical_Depression_03W_(Bining))
• June 19, 1993: [Tropical Depression Elang](https://en.wikipedia.org/wiki/1993_Pacific_typhoon_season#Tropical_Depression_07W_(Elang))
• June 25–26, 1993: [Typhoon Koryn (Goring)](https://en.wikipedia.org/wiki/Typhoon_Koryn_(1993))
• July 8, 1993: [Tropical Storm Lewis (Huling)](https://en.wikipedia.org/wiki/1993_Pacific_typhoon_season#Severe_Tropical_Storm_Lewis_(Huling))
• August 18–19, 1993: [Tropical Storm Tasha (Rubing)](https://en.wikipedia.org/wiki/1993_Pacific_typhoon_season#Typhoon_Tasha_(Rubing))
• August 23, 1993: [Tropical Storm Winona (Saling)](https://en.wikipedia.org/wiki/1993_Pacific_typhoon_season#Tropical_Storm_Winona_(Saling))
• September 15, 1993: [Tropical Storm Becky (Yeyeng)](https://en.wikipedia.org/wiki/1993_Pacific_typhoon_season#Severe_Tropical_Storm_Becky_(Yeyeng))
• October 3–4, 1993: [Typhoon Flo (Kadiang)](https://en.wikipedia.org/wiki/1993_Pacific_typhoon_season#Typhoon_Flo_(Kadiang))
• October 31 – November 1, 1993: [Typhoon Ira (Husing)](https://en.wikipedia.org/wiki/1993_Pacific_typhoon_season#Typhoon_Ira_(Husing))
• November 21, 1993: [Tropical Storm Kyle (Luring)](https://en.wikipedia.org/wiki/1993_Pacific_typhoon_season#Typhoon_Kyle_(Luring))
• December 5, 1993: [Typhoon Lola (Monang)](https://en.wikipedia.org/wiki/1993_Pacific_typhoon_season#Typhoon_Lola_(Monang))
• December 9–10, 1993: [Typhoon Manny (Naning)](https://en.wikipedia.org/wiki/1993_Pacific_typhoon_season#Typhoon_Manny_(Naning))
• December 15, 1993: [Tropical Depression Oning](https://en.wikipedia.org/wiki/1993_Pacific_typhoon_season#Tropical_Depression_Oning)
• December 25–26, 1993: [Tropical Storm Nell (Puring)](https://en.wikipedia.org/wiki/1993_Pacific_typhoon_season#Severe_Tropical_Storm_Nell_(Puring))

## 1994
• January 5, 1994: [Tropical Depression Akang](https://en.wikipedia.org/wiki/1994_Pacific_typhoon_season#Tropical_Depression_01W_(Akang))
• April 3–5, 1994: [Tropical Storm Owen (Bising)](https://en.wikipedia.org/wiki/1994_Pacific_typhoon_season#Severe_Tropical_Storm_Owen_(Bising))
• May 24, 1994: [Tropical Depression Deling](https://en.wikipedia.org/wiki/1994_Pacific_typhoon_season#Tropical_Depression_04W_(Deling))
• June 22, 1994: [Tropical Depression Gading](https://en.wikipedia.org/wiki/1994_Pacific_typhoon_season#Tropical_Storm_Sharon_(Gading))
• July 9–10, 1994: [Typhoon Tim (Iliang)](https://en.wikipedia.org/wiki/1994_Pacific_typhoon_season#Typhoon_Tim_(Iliang))
• July 9–10, 1994: [Tropical Storm Vanessa (Loleng)](https://en.wikipedia.org/wiki/1994_Pacific_typhoon_season#Tropical_Storm_Vanessa)
• July 18, 1994: [Tropical Storm Yunya (Norming)](https://en.wikipedia.org/wiki/1994_Pacific_typhoon_season#Tropical_Storm_Yunya_(Norming))
• September 10–11, 1994: [Tropical Storm Luke (Weling)](https://en.wikipedia.org/wiki/1994_Pacific_typhoon_season#Tropical_Storm_Luke_(Weling))
• October 21, 1994: [Typhoon Teresa (Katring)](https://en.wikipedia.org/wiki/1994_Pacific_typhoon_season#Typhoon_Teresa_(Katring))
• December 21–22, 1994: [Typhoon Axel (Garding)](https://en.wikipedia.org/wiki/1994_Pacific_typhoon_season#Typhoon_Alex_(Garding))

## 1995
• June 1–2, 1995: [Tropical Storm Deanna (Auring)](https://en.wikipedia.org/wiki/1995_Pacific_typhoon_season#Tropical_Storm_Deanna_(Auring))
• July 28, 1995: [Tropical Depression 06W](https://en.wikipedia.org/wiki/1995_Pacific_typhoon_season#Tropical_Depression_06W)
• August 9, 1995: [Tropical Storm Helen (Karing)](https://en.wikipedia.org/wiki/1995_Pacific_typhoon_season#Severe_Tropical_Storm_Helen_(Karing))
• August 29, 1995: [Typhoon Kent (Gening)](https://en.wikipedia.org/wiki/Typhoon_Kent_(1995))
• September 4–5, 1995: [Tropical Storm Nina (Helming)](https://en.wikipedia.org/wiki/1995_Pacific_typhoon_season#Tropical_Storm_Nina_(Helming))
• September 22, 1995: [Typhoon Ryan (Luding)](https://en.wikipedia.org/wiki/1995_Pacific_typhoon_season#Typhoon_Ryan_(Luding))
• September 29–30, 1995: [Tropical Storm Sibyl (Mameng)](https://en.wikipedia.org/wiki/1995_Pacific_typhoon_season#Severe_Tropical_Storm_Sibyl_(Mameng))
• October 23–24, 1995: [Tropical Storm Yvette (Oniang)](https://en.wikipedia.org/wiki/1995_Pacific_typhoon_season#Severe_Tropical_Storm_Yvette_(Oniang))
• October 29, 1995: [Typhoon Zack (Pepang)](https://en.wikipedia.org/wiki/1995_Pacific_typhoon_season#Typhoon_Zack_(Pepang))
• November 2–3, 1995: [Typhoon Angela (Rosing)](https://en.wikipedia.org/wiki/Typhoon_Angela)
• December 4–5, 1995: [Tropical Depression Sendang](https://en.wikipedia.org/wiki/1995_Pacific_typhoon_season#Tropical_Depression_32W/33W_(Sendang))

## 1996
• March 1, 1996: [Tropical Depression Asiang](https://en.wikipedia.org/wiki/1996_Pacific_typhoon_season#Tropical_Storm_01W_(Asiang))
• April 7–8, 1996: [Tropical Storm Ann (Biring)](https://en.wikipedia.org/wiki/1996_Pacific_typhoon_season#Tropical_Storm_Ann_(Biring))
• May 23, 1996: [Tropical Storm Cam (Ditang)](https://en.wikipedia.org/wiki/1996_Pacific_typhoon_season#Tropical_Storm_Cam_(Ditang))
• July 24, 1996: [Typhoon Gloria (Gloring)](https://en.wikipedia.org/wiki/1996_Pacific_typhoon_season#Typhoon_Gloria_(Gloring))
• August 19–20, 1996: [Tropical Storm Niki (Lusing)](https://en.wikipedia.org/wiki/1996_Pacific_typhoon_season#Typhoon_Niki_(Lusing))
• September 7, 1996: [Typhoon Sally (Maring)](https://en.wikipedia.org/wiki/Typhoon_Sally_(1996))
• October 11, 1996: [Tropical Depression Reming](https://en.wikipedia.org/wiki/1996_Pacific_typhoon_season#Tropical_Depression_Abel_(Reming))
• October 18, 1996: [Tropical Storm Beth (Seniang)](https://en.wikipedia.org/wiki/1996_Pacific_typhoon_season#Severe_Tropical_Storm_Beth_(Seniang))
• November 6–8, 1996: [Tropical Storm Ernie (Toyang)](https://en.wikipedia.org/wiki/1996_Pacific_typhoon_season#Tropical_Storm_Ernie_(Toyang))

## 1997
• May 26, 1997: [Tropical Depression Bining](https://en.wikipedia.org/wiki/1997_Pacific_typhoon_season#Tropical_Storm_Levi_(Bining))
• August 27–28, 1997: [Typhoon Amber (Miling)](https://en.wikipedia.org/wiki/1997_Pacific_typhoon_season#Typhoon_Amber_(Miling))
• October 20, 1997: [Typhoon Ivan (Narsing)](https://en.wikipedia.org/wiki/Typhoon_Ivan)
• October 29–31, 1997: [Tropical Depression Openg](https://en.wikipedia.org/wiki/Tropical_Storm_Linda_(1997))
• November 15–16, 1997: [Tropical Storm Mort (Pining)](https://en.wikipedia.org/wiki/1997_Pacific_typhoon_season#Tropical_Storm_Mort_(Pining))

## 1998
• August 3, 1998: [Typhoon Otto (Bising)](https://en.wikipedia.org/wiki/1998_Pacific_typhoon_season#Typhoon_Otto_(Bising))
• August 7–8, 1998: [Tropical Storm Penny (Klaring)](https://en.wikipedia.org/wiki/1998_Pacific_typhoon_season#Severe_Tropical_Storm_Penny_(Klaring))
• September 18–19, 1998: [Typhoon Vicki (Gading)](https://en.wikipedia.org/wiki/Typhoon_Vicki_(1998))
• October 13–14, 1998: [Typhoon Zeb (Iliang)](https://en.wikipedia.org/wiki/Typhoon_Zeb)
• October 21–23, 1998: [Typhoon Babs (Loleng)](https://en.wikipedia.org/wiki/Typhoon_Babs_(1998))
• December 10–11, 1998: [Typhoon Faith (Norming)](https://en.wikipedia.org/wiki/Typhoon_Faith)
• December 17–18, 1998: [Unnamed tropical depression](https://en.wikipedia.org/wiki/1998_Pacific_typhoon_season#Tropical_Depression_27W)

## 1999
• April 9, 1999: [Tropical Depression Karing](https://en.wikipedia.org/wiki/1999_Pacific_typhoon_season#Tropical_Depression_Jacob_(Karing))
• April 22, 1999: [Tropical Storm Kate (Diding)](https://en.wikipedia.org/wiki/1999_Pacific_typhoon_season#Severe_Tropical_Storm_Kate_(Diding))
• June 4–5, 1999: [Typhoon Maggie (Etang)](https://en.wikipedia.org/wiki/Typhoon_Maggie)
• August 18–19, 1999: [Tropical Storm Sam (Luding)](https://en.wikipedia.org/wiki/Tropical_Storm_Sam_(1999))
• September 1–3, 1999: [Tropical Storm Wendy (Mameng)](https://en.wikipedia.org/wiki/Tropical_Storm_Wendy_(1999))
• September 10–11, 1999: [Tropical Depression Neneng](https://en.wikipedia.org/wiki/1999_Pacific_typhoon_season#Severe_Tropical_Storm_York_(Neneng))
• October 6, 1999: [Typhoon Dan (Pepang)](https://en.wikipedia.org/wiki/1999_Pacific_typhoon_season#Typhoon_Dan_(Pepang))
• November 8–9, 1999: [Tropical Depression Frankie (Sendang)](https://en.wikipedia.org/wiki/1999_Pacific_typhoon_season#Tropical_Depression_Frankie_(Sending))
